Bank Offer,0.01,1,5,10,25,50,75,100,200,300,400,500,750,"1,000","5,000","10,000","25,000","50,000","75,000","100,000","200,000","300,000","400,000","500,000","750,000","1,000,000",ROUND
21000.0,0,1,0,1,0,1,1,1,0,1,0,1,1,1,0,1,1,1,1,1,1,1,1,1,1,1,1
37000.0,0,1,0,1,0,1,1,0,0,1,0,1,0,1,0,1,1,1,1,1,1,1,0,1,0,0,2
53000.0,0,1,0,0,0,0,1,0,0,1,0,1,0,1,0,1,1,1,0,0,1,1,0,1,0,0,3
77000.0,0,0,0,0,0,0,1,0,0,1,0,1,0,0,0,1,1,1,0,0,0,1,0,1,0,0,4
63000.0,0,0,0,0,0,0,1,0,0,1,0,1,0,0,0,0,1,1,0,0,0,0,0,1,0,0,5
90000.0,0,0,0,0,0,0,1,0,0,1,0,1,0,0,0,0,0,1,0,0,0,0,0,1,0,0,6
138000.0,0,0,0,0,0,0,1,0,0,0,0,1,0,0,0,0,0,1,0,0,0,0,0,1,0,0,7
17000.0,0,0,0,0,0,0,1,0,0,0,0,1,0,0,0,0,0,1,0,0,0,0,0,0,0,0,8
25000.0,0,0,0,0,0,0,0,0,0,0,0,1,0,0,0,0,0,1,0,0,0,0,0,0,0,0,9
7000.0,1,1,1,1,0,1,1,1,0,1,1,1,1,1,1,1,0,0,1,1,0,1,1,1,0,1,1
19000.0,0,1,1,1,0,1,1,1,0,1,0,1,1,1,1,1,0,0,0,0,0,1,1,1,0,0,2
36000.0,0,1,1,1,0,0,0,0,0,1,0,1,1,0,1,1,0,0,0,0,0,1,1,1,0,0,3
63000.0,0,1,0,0,0,0,0,0,0,1,0,0,1,0,1,1,0,0,0,0,0,1,1,1,0,0,4
99000.0,0,0,0,0,0,0,0,0,0,1,0,0,1,0,0,1,0,0,0,0,0,1,1,1,0,0,5
162000.0,0,0,0,0,0,0,0,0,0,0,0,0,1,0,0,1,0,0,0,0,0,1,1,1,0,0,6
240000.0,0,0,0,0,0,0,0,0,0,0,0,0,0,0,0,1,0,0,0,0,0,1,1,1,0,0,7
189000.0,0,0,0,0,0,0,0,0,0,0,0,0,0,0,0,1,0,0,0,0,0,1,1,0,0,0,8
13000.0,1,1,1,1,1,1,1,1,1,0,1,1,0,1,1,0,1,0,1,0,0,1,1,1,1,1,1
27000.0,1,1,1,1,1,0,1,1,1,0,1,1,0,0,1,0,0,0,0,0,0,1,1,1,0,1,2
48000.0,0,0,1,1,1,0,1,0,1,0,1,1,0,0,1,0,0,0,0,0,0,1,0,1,0,1,3
76000.0,0,0,1,1,0,0,1,0,1,0,0,1,0,0,1,0,0,0,0,0,0,0,0,1,0,1,4
124000.0,0,0,0,1,0,0,1,0,0,0,0,1,0,0,1,0,0,0,0,0,0,0,0,1,0,1,5
121000.0,0,0,0,1,0,0,1,0,0,0,0,1,0,0,1,0,0,0,0,0,0,0,0,0,0,1,6
201000.0,0,0,0,1,0,0,1,0,0,0,0,0,0,0,1,0,0,0,0,0,0,0,0,0,0,1,7
11000.0,0,1,1,1,0,1,1,1,1,1,0,0,1,1,1,1,1,1,1,1,1,0,1,1,0,1,1
19000.0,0,0,1,0,0,1,1,1,1,1,0,0,0,1,1,1,1,1,1,0,1,0,1,1,0,0,2
37000.0,0,0,1,0,0,1,0,1,1,1,0,0,0,0,1,1,0,1,0,0,1,0,1,1,0,0,3
32000.0,0,0,1,0,0,1,0,1,1,0,0,0,0,0,1,1,0,0,0,0,1,0,0,1,0,0,4
25000.0,0,0,1,0,0,1,0,0,1,0,0,0,0,0,1,1,0,0,0,0,1,0,0,0,0,0,5
37000.0,0,0,1,0,0,1,0,0,1,0,0,0,0,0,1,0,0,0,0,0,1,0,0,0,0,0,6
50000.0,0,0,1,0,0,1,0,0,1,0,0,0,0,0,0,0,0,0,0,0,1,0,0,0,0,0,7
67000.0,0,0,1,0,0,1,0,0,0,0,0,0,0,0,0,0,0,0,0,0,1,0,0,0,0,0,8
99000.0,0,0,0,0,0,1,0,0,0,0,0,0,0,0,0,0,0,0,0,0,1,0,0,0,0,0,9
9000.0,0,1,1,1,1,1,1,1,1,1,1,0,0,1,1,0,1,1,0,1,1,0,1,1,1,1,1
28000.0,0,0,1,1,1,1,1,1,1,1,0,0,0,1,1,0,1,0,0,0,0,0,1,1,1,1,2
58000.0,0,0,0,0,1,1,1,1,1,1,0,0,0,1,0,0,1,0,0,0,0,0,0,1,1,1,3
75000.0,0,0,0,0,1,1,0,1,1,1,0,0,0,0,0,0,1,0,0,0,0,0,0,1,0,1,4
113000.0,0,0,0,0,1,1,0,0,1,1,0,0,0,0,0,0,0,0,0,0,0,0,0,1,0,1,5
199000.0,0,0,0,0,0,1,0,0,1,1,0,0,0,0,0,0,0,0,0,0,0,0,0,1,0,1,6
275000.0,0,0,0,0,0,1,0,0,1,0,0,0,0,0,0,0,0,0,0,0,0,0,0,1,0,1,7
267000.0,0,0,0,0,0,1,0,0,1,0,0,0,0,0,0,0,0,0,0,0,0,0,0,0,0,1,8
9000.0,0,1,0,1,1,1,1,0,1,1,1,1,1,1,1,1,1,1,1,1,0,0,1,0,1,1,1
19000.0,0,1,0,1,1,1,1,0,1,1,1,0,0,1,1,1,0,1,1,0,0,0,0,0,1,1,2
12000.0,0,1,0,1,1,1,0,0,1,1,1,0,0,0,1,1,0,1,1,0,0,0,0,0,0,0,3
15000.0,0,1,0,1,1,0,0,0,1,1,0,0,0,0,1,0,0,1,1,0,0,0,0,0,0,0,4
19000.0,0,1,0,1,1,0,0,0,1,0,0,0,0,0,0,0,0,1,1,0,0,0,0,0,0,0,5
23000.0,0,0,0,1,1,0,0,0,1,0,0,0,0,0,0,0,0,1,1,0,0,0,0,0,0,0,6
28000.0,0,0,0,0,1,0,0,0,1,0,0,0,0,0,0,0,0,1,1,0,0,0,0,0,0,0,7
35000.0,0,0,0,0,0,0,0,0,1,0,0,0,0,0,0,0,0,1,1,0,0,0,0,0,0,0,8
23000.0,0,0,0,0,0,0,0,0,1,0,0,0,0,0,0,0,0,1,0,0,0,0,0,0,0,0,9
4000.0,1,1,0,1,0,1,1,1,1,1,1,1,1,1,1,1,0,1,1,1,1,0,1,0,1,0,1
13000.0,1,1,0,1,0,1,1,1,1,1,1,0,1,0,0,1,0,1,1,1,0,0,0,0,1,0,2
9000.0,0,1,0,1,0,1,1,0,1,0,1,0,1,0,0,1,0,1,1,1,0,0,0,0,0,0,3
18000.0,0,1,0,1,0,0,1,0,0,0,1,0,1,0,0,0,0,1,1,1,0,0,0,0,0,0,4
26000.0,0,1,0,0,0,0,1,0,0,0,1,0,0,0,0,0,0,1,1,1,0,0,0,0,0,0,5
22000.0,0,1,0,0,0,0,1,0,0,0,1,0,0,0,0,0,0,0,1,1,0,0,0,0,0,0,6
40000.0,0,0,0,0,0,0,1,0,0,0,1,0,0,0,0,0,0,0,1,1,0,0,0,0,0,0,7
55000.0,0,0,0,0,0,0,1,0,0,0,0,0,0,0,0,0,0,0,1,1,0,0,0,0,0,0,8
85000.0,0,0,0,0,0,0,0,0,0,0,0,0,0,0,0,0,0,0,1,1,0,0,0,0,0,0,9
17000.0,0,0,1,1,1,1,1,1,1,1,1,1,0,1,1,1,0,1,0,1,1,1,0,1,1,1,1
22000.0,0,0,0,1,1,0,1,1,0,0,1,1,0,1,1,1,0,1,0,1,1,1,0,1,1,0,2
35000.0,0,0,0,1,1,0,1,1,0,0,1,1,0,0,0,1,0,1,0,0,0,1,0,1,1,0,3
68000.0,0,0,0,1,1,0,1,1,0,0,1,0,0,0,0,1,0,0,0,0,0,0,0,1,1,0,4
125000.0,0,0,0,1,1,0,1,1,0,0,0,0,0,0,0,0,0,0,0,0,0,0,0,1,1,0,5
199000.0,0,0,0,1,1,0,0,1,0,0,0,0,0,0,0,0,0,0,0,0,0,0,0,1,1,0,6
279000.0,0,0,0,0,1,0,0,1,0,0,0,0,0,0,0,0,0,0,0,0,0,0,0,1,1,0,7
359000.0,0,0,0,0,1,0,0,0,0,0,0,0,0,0,0,0,0,0,0,0,0,0,0,1,1,0,8
10000.0,1,1,1,1,1,1,0,0,1,0,1,1,1,1,1,0,0,1,1,1,1,1,0,1,1,1,1
31000.0,1,1,1,0,0,1,0,0,1,0,1,1,1,1,1,0,0,1,0,0,0,1,0,1,1,1,2
48000.0,0,1,1,0,0,0,0,0,1,0,1,1,1,0,1,0,0,1,0,0,0,1,0,0,1,1,3
39000.0,0,1,1,0,0,0,0,0,1,0,1,0,1,0,1,0,0,0,0,0,0,1,0,0,1,0,4
66000.0,0,1,1,0,0,0,0,0,1,0,0,0,1,0,0,0,0,0,0,0,0,1,0,0,1,0,5
97000.0,0,1,1,0,0,0,0,0,1,0,0,0,0,0,0,0,0,0,0,0,0,1,0,0,1,0,6
172000.0,0,1,1,0,0,0,0,0,0,0,0,0,0,0,0,0,0,0,0,0,0,1,0,0,1,0,7
80000.0,0,1,1,0,0,0,0,0,0,0,0,0,0,0,0,0,0,0,0,0,0,1,0,0,0,0,8
2.0,0,1,1,0,0,0,0,0,0,0,0,0,0,0,0,0,0,0,0,0,0,0,0,0,0,0,9
25000.0,0,0,1,0,0,1,1,1,1,1,1,0,1,1,1,1,1,1,1,1,1,1,0,1,1,1,1
15000.0,0,0,1,0,0,1,0,1,1,0,1,0,1,1,1,1,1,1,1,1,0,1,0,0,0,1,2
21000.0,0,0,0,0,0,1,0,1,1,0,0,0,0,1,1,1,1,1,1,1,0,1,0,0,0,0,3
13000.0,0,0,0,0,0,1,0,1,1,0,0,0,0,0,1,0,1,1,1,1,0,0,0,0,0,0,4
30000.0,0,0,0,0,0,0,0,1,0,0,0,0,0,0,1,0,1,1,1,1,0,0,0,0,0,0,5
16000.0,0,0,0,0,0,0,0,1,0,0,0,0,0,0,1,0,1,1,1,0,0,0,0,0,0,0,6
12000.0,0,0,0,0,0,0,0,1,0,0,0,0,0,0,1,0,1,1,0,0,0,0,0,0,0,0,7
24000.0,0,0,0,0,0,0,0,0,0,0,0,0,0,0,1,0,1,1,0,0,0,0,0,0,0,0,8
38000.0,0,0,0,0,0,0,0,0,0,0,0,0,0,0,0,0,1,1,0,0,0,0,0,0,0,0,9
21000.0,1,1,0,0,1,1,1,0,1,0,1,1,1,0,1,1,1,1,1,1,1,1,1,0,1,1,1
17000.0,1,1,0,0,1,1,1,0,1,0,0,1,1,0,1,1,0,1,0,1,1,0,1,0,1,0,2
33000.0,1,1,0,0,1,1,0,0,0,0,0,0,1,0,1,1,0,1,0,0,1,0,1,0,1,0,3
56000.0,1,1,0,0,0,1,0,0,0,0,0,0,1,0,1,0,0,1,0,0,1,0,0,0,1,0,4
82000.0,0,1,0,0,0,1,0,0,0,0,0,0,1,0,1,0,0,0,0,0,1,0,0,0,1,0,5
37000.0,0,1,0,0,0,1,0,0,0,0,0,0,1,0,1,0,0,0,0,0,1,0,0,0,0,0,6
50000.0,0,0,0,0,0,1,0,0,0,0,0,0,1,0,1,0,0,0,0,0,1,0,0,0,0,0,7
19000.0,1,1,1,1,0,1,1,0,1,1,0,0,1,1,1,0,1,1,1,1,1,1,1,0,1,1,1
35000.0,1,1,1,0,0,1,1,0,0,1,0,0,1,1,0,0,0,1,0,1,1,1,1,0,1,1,2
126000.0,1,0,0,0,0,1,1,0,0,0,0,0,1,0,0,0,0,1,0,1,1,1,1,0,1,1,3
98000.0,1,0,0,0,0,0,1,0,0,0,0,0,1,0,0,0,0,1,0,0,1,1,1,0,1,0,4
60000.0,1,0,0,0,0,0,1,0,0,0,0,0,1,0,0,0,0,1,0,0,1,0,0,0,1,0,5
48000.0,1,0,0,0,0,0,1,0,0,0,0,0,1,0,0,0,0,1,0,0,0,0,0,0,1,0,6
14000.0,1,0,0,0,0,0,1,0,0,0,0,0,1,0,0,0,0,1,0,0,0,0,0,0,0,0,7
19000.0,1,0,0,0,0,0,0,0,0,0,0,0,1,0,0,0,0,1,0,0,0,0,0,0,0,0,8
15000.0,1,1,1,1,0,1,1,0,1,1,0,1,1,1,1,1,1,1,0,0,1,1,0,1,1,1,1
37000.0,0,0,1,1,0,1,1,0,1,0,0,1,1,1,1,1,0,1,0,0,1,0,0,1,1,1,2
66000.0,0,0,1,0,0,1,1,0,1,0,0,1,0,1,1,0,0,1,0,0,1,0,0,1,0,1,3
110000.0,0,0,0,0,0,1,1,0,1,0,0,1,0,0,1,0,0,1,0,0,0,0,0,1,0,1,4
198000.0,0,0,0,0,0,0,1,0,1,0,0,1,0,0,0,0,0,1,0,0,0,0,0,1,0,1,5
85000.0,0,0,0,0,0,0,1,0,1,0,0,1,0,0,0,0,0,1,0,0,0,0,0,1,0,0,6
139000.0,0,0,0,0,0,0,0,0,1,0,0,1,0,0,0,0,0,1,0,0,0,0,0,1,0,0,7
202000.0,0,0,0,0,0,0,0,0,0,0,0,1,0,0,0,0,0,1,0,0,0,0,0,1,0,0,8
22000.0,1,1,0,0,0,1,1,0,1,1,0,1,1,1,1,1,0,1,1,1,1,1,1,1,1,1,1
71000.0,1,0,0,0,0,0,0,0,1,1,0,1,1,1,1,0,0,1,1,1,0,1,1,1,1,1,2
187000.0,1,0,0,0,0,0,0,0,0,0,0,0,1,1,1,0,0,1,1,1,0,1,0,1,1,1,3
107000.0,1,0,0,0,0,0,0,0,0,0,0,0,1,1,1,0,0,1,1,0,0,1,0,0,0,1,4
95000.0,1,0,0,0,0,0,0,0,0,0,0,0,1,1,1,0,0,0,1,0,0,0,0,0,0,1,5
123000.0,1,0,0,0,0,0,0,0,0,0,0,0,0,1,1,0,0,0,1,0,0,0,0,0,0,1,6
19000.0,1,0,0,0,0,0,0,0,0,0,0,0,0,1,1,0,0,0,1,0,0,0,0,0,0,0,7
2000.0,1,0,0,0,0,0,0,0,0,0,0,0,0,1,1,0,0,0,0,0,0,0,0,0,0,0,8
2800.0,1,0,0,0,0,0,0,0,0,0,0,0,0,0,1,0,0,0,0,0,0,0,0,0,0,0,9
13000.0,1,1,1,1,1,1,0,1,1,1,1,0,1,0,1,1,1,0,0,1,1,1,1,1,1,0,1
37000.0,1,1,1,1,1,1,0,1,0,0,1,0,0,0,0,0,1,0,0,1,1,1,1,1,1,0,2
52000.0,0,1,1,1,1,1,0,1,0,0,0,0,0,0,0,0,0,0,0,1,1,1,1,1,0,0,3
88000.0,0,1,0,1,1,1,0,0,0,0,0,0,0,0,0,0,0,0,0,1,1,1,1,0,0,0,4
109000.0,0,1,0,0,1,1,0,0,0,0,0,0,0,0,0,0,0,0,0,0,1,1,1,0,0,0,5
164000.0,0,1,0,0,0,1,0,0,0,0,0,0,0,0,0,0,0,0,0,0,1,1,1,0,0,0,6
221000.0,0,1,0,0,0,0,0,0,0,0,0,0,0,0,0,0,0,0,0,0,1,1,1,0,0,0,7
26000.0,1,0,0,1,1,0,1,1,1,1,1,1,0,0,1,1,0,1,1,1,1,1,1,1,1,1,1
48000.0,1,0,0,0,1,0,1,1,1,1,1,1,0,0,1,0,0,1,0,0,1,1,0,1,1,1,2
39000.0,1,0,0,0,0,0,1,0,0,1,1,1,0,0,1,0,0,1,0,0,1,1,0,1,0,1,3
90000.0,1,0,0,0,0,0,0,0,0,1,1,0,0,0,1,0,0,0,0,0,1,1,0,1,0,1,4
179000.0,1,0,0,0,0,0,0,0,0,0,1,0,0,0,0,0,0,0,0,0,1,1,0,1,0,1,5
199000.0,1,0,0,0,0,0,0,0,0,0,1,0,0,0,0,0,0,0,0,0,1,0,0,1,0,1,6
109000.0,1,0,0,0,0,0,0,0,0,0,1,0,0,0,0,0,0,0,0,0,1,0,0,1,0,0,7
9000.0,0,1,1,1,1,1,1,1,1,1,1,1,1,1,1,0,1,0,0,0,1,0,1,1,1,1,1
7000.0,0,1,0,1,1,1,1,1,1,1,1,1,1,1,0,0,1,0,0,0,1,0,0,0,1,0,2
16000.0,0,1,0,0,0,1,1,1,1,1,1,1,1,0,0,0,1,0,0,0,0,0,0,0,1,0,3
250.0,0,1,0,0,0,0,1,1,1,1,1,1,1,0,0,0,0,0,0,0,0,0,0,0,0,0,4
300.0,0,0,0,0,0,0,1,1,0,1,1,1,1,0,0,0,0,0,0,0,0,0,0,0,0,0,5
350.0,0,0,0,0,0,0,1,1,0,0,1,1,1,0,0,0,0,0,0,0,0,0,0,0,0,0,6
400.0,0,0,0,0,0,0,1,0,0,0,1,1,1,0,0,0,0,0,0,0,0,0,0,0,0,0,7
450.0,0,0,0,0,0,0,1,0,0,0,0,1,1,0,0,0,0,0,0,0,0,0,0,0,0,0,8
650.0,0,0,0,0,0,0,0,0,0,0,0,1,1,0,0,0,0,0,0,0,0,0,0,0,0,0,9
19000.0,0,1,1,1,1,0,1,1,1,1,0,1,0,1,1,0,1,1,1,1,1,1,0,1,1,1,1
28000.0,0,0,1,1,0,0,1,1,1,1,0,0,0,1,1,0,1,1,1,1,0,1,0,1,1,0,2
34000.0,0,0,1,1,0,0,1,1,1,1,0,0,0,0,1,0,0,0,1,1,0,1,0,1,0,0,3
55000.0,0,0,1,1,0,0,0,1,1,1,0,0,0,0,1,0,0,0,0,0,0,1,0,1,0,0,4
34000.0,0,0,1,1,0,0,0,0,1,1,0,0,0,0,1,0,0,0,0,0,0,1,0,0,0,0,5
52000.0,0,0,1,1,0,0,0,0,1,1,0,0,0,0,0,0,0,0,0,0,0,1,0,0,0,0,6
76000.0,0,0,1,1,0,0,0,0,1,0,0,0,0,0,0,0,0,0,0,0,0,1,0,0,0,0,7
50.0,0,0,1,1,0,0,0,0,1,0,0,0,0,0,0,0,0,0,0,0,0,0,0,0,0,0,8
8.0,0,0,1,1,0,0,0,0,0,0,0,0,0,0,0,0,0,0,0,0,0,0,0,0,0,0,9
26000.0,1,0,1,0,1,1,0,1,1,1,1,0,0,1,1,1,0,1,1,1,1,1,1,1,1,1,1
19000.0,1,0,1,0,1,0,0,1,1,1,1,0,0,1,1,1,0,1,0,0,1,1,1,0,0,1,2
15000.0,1,0,1,0,0,0,0,1,1,1,1,0,0,1,1,1,0,0,0,0,1,1,0,0,0,0,3
38000.0,0,0,1,0,0,0,0,1,1,1,1,0,0,1,0,0,0,0,0,0,1,1,0,0,0,0,4
20000.0,0,0,1,0,0,0,0,1,1,1,1,0,0,0,0,0,0,0,0,0,1,0,0,0,0,0,5
100.0,0,0,1,0,0,0,0,1,1,1,1,0,0,0,0,0,0,0,0,0,0,0,0,0,0,0,6
150.0,0,0,1,0,0,0,0,1,0,1,1,0,0,0,0,0,0,0,0,0,0,0,0,0,0,0,7
125.0,0,0,1,0,0,0,0,1,0,0,1,0,0,0,0,0,0,0,0,0,0,0,0,0,0,0,8
50.0,0,0,1,0,0,0,0,1,0,0,0,0,0,0,0,0,0,0,0,0,0,0,0,0,0,0,9
9000.0,1,1,0,1,0,1,1,1,1,0,1,1,1,1,1,1,0,1,1,0,1,1,1,1,1,0,1
21000.0,1,1,0,1,0,0,1,0,0,0,0,1,1,0,1,1,0,1,1,0,1,1,1,1,1,0,2
74000.0,1,0,0,1,0,0,1,0,0,0,0,1,1,0,1,1,0,0,0,0,1,1,1,0,1,0,3
48000.0,0,0,0,1,0,0,1,0,0,0,0,1,1,0,1,1,0,0,0,0,1,0,1,0,0,0,4
35000.0,0,0,0,0,0,0,1,0,0,0,0,1,1,0,1,1,0,0,0,0,0,0,1,0,0,0,5
69000.0,0,0,0,0,0,0,1,0,0,0,0,1,1,0,0,1,0,0,0,0,0,0,1,0,0,0,6
13000.0,0,1,1,0,1,0,1,0,1,1,1,1,1,1,1,1,1,1,1,1,0,1,1,1,1,0,1
17000.0,0,1,0,0,1,0,0,0,1,1,1,1,1,1,1,1,1,0,1,1,0,1,1,0,0,0,2
31000.0,0,1,0,0,1,0,0,0,1,1,1,1,0,0,0,1,1,0,1,0,0,1,1,0,0,0,3
60000.0,0,1,0,0,0,0,0,0,1,0,1,1,0,0,0,1,0,0,1,0,0,1,1,0,0,0,4
94000.0,0,0,0,0,0,0,0,0,1,0,1,1,0,0,0,1,0,0,0,0,0,1,1,0,0,0,5
22000.0,1,1,0,0,0,1,1,1,0,0,1,1,1,1,1,1,0,1,1,1,1,1,1,1,1,1,1
67000.0,1,0,0,0,0,0,1,1,0,0,1,1,0,1,1,0,0,1,1,1,1,1,1,0,1,1,2
130000.0,0,0,0,0,0,0,1,0,0,0,1,0,0,1,1,0,0,1,1,1,1,1,1,0,1,0,3
91000.0,0,0,0,0,0,0,0,0,0,0,1,0,0,1,1,0,0,1,1,1,0,1,1,0,0,0,4
103000.0,0,0,0,0,0,0,0,0,0,0,0,0,0,1,1,0,0,1,1,0,0,1,1,0,0,0,5
55000.0,0,0,0,0,0,0,0,0,0,0,0,0,0,1,1,0,0,1,1,0,0,1,0,0,0,0,6
80000.0,0,0,0,0,0,0,0,0,0,0,0,0,0,1,1,0,0,1,0,0,0,1,0,0,0,0,7
21000.0,0,0,0,0,0,0,0,0,0,0,0,0,0,1,1,0,0,1,0,0,0,0,0,0,0,0,8
12000.0,0,1,1,1,1,1,1,0,1,1,0,1,1,1,1,0,0,1,1,1,1,0,1,1,1,1,1
21000.0,0,1,1,0,1,1,1,0,1,1,0,1,0,0,1,0,0,1,0,1,1,0,1,1,1,0,2
17000.0,0,0,1,0,1,1,1,0,1,1,0,0,0,0,1,0,0,1,0,1,1,0,0,0,1,0,3
46500.0,0,0,1,0,1,1,1,0,0,0,0,0,0,0,0,0,0,1,0,1,1,0,0,0,1,0,4
99000.0,0,0,1,0,1,0,0,0,0,0,0,0,0,0,0,0,0,1,0,1,1,0,0,0,1,0,5
148990.0,0,0,0,0,1,0,0,0,0,0,0,0,0,0,0,0,0,1,0,1,1,0,0,0,1,0,6
126000.0,0,0,0,0,1,0,0,0,0,0,0,0,0,0,0,0,0,1,0,1,0,0,0,0,1,0,7
252000.0,0,0,0,0,0,0,0,0,0,0,0,0,0,0,0,0,0,1,0,1,0,0,0,0,1,0,8
9000.0,1,1,0,1,1,1,0,1,1,1,1,1,1,1,0,1,1,0,1,1,0,1,1,1,1,0,1
16000.0,1,1,0,1,0,1,0,1,1,1,0,1,1,0,0,1,1,0,1,1,0,0,1,0,1,0,2
31000.0,1,1,0,1,0,1,0,0,1,1,0,0,1,0,0,1,0,0,0,1,0,0,1,0,1,0,3
73000.0,1,0,0,1,0,0,0,0,1,1,0,0,1,0,0,0,0,0,0,1,0,0,1,0,1,0,4
145000.0,1,0,0,1,0,0,0,0,0,1,0,0,0,0,0,0,0,0,0,1,0,0,1,0,1,0,5
172000.0,1,0,0,1,0,0,0,0,0,1,0,0,0,0,0,0,0,0,0,0,0,0,1,0,1,0,6
199000.0,1,0,0,1,0,0,0,0,0,0,0,0,0,0,0,0,0,0,0,0,0,0,1,0,1,0,7
375000.0,1,0,0,0,0,0,0,0,0,0,0,0,0,0,0,0,0,0,0,0,0,0,1,0,1,0,8
6000.0,1,1,0,1,1,1,1,1,1,1,1,1,1,1,0,1,1,0,0,1,1,1,0,1,1,0,1
11000.0,1,1,0,1,1,1,1,1,1,1,1,1,0,0,0,1,0,0,0,0,1,0,0,1,1,0,2
26000.0,1,1,0,1,1,0,1,1,1,0,1,0,0,0,0,1,0,0,0,0,0,0,0,1,1,0,3
21000.0,1,1,0,0,0,0,1,1,1,0,1,0,0,0,0,1,0,0,0,0,0,0,0,0,1,0,4
63000.0,1,0,0,0,0,0,0,1,1,0,1,0,0,0,0,1,0,0,0,0,0,0,0,0,1,0,5
96000.0,1,0,0,0,0,0,0,1,1,0,1,0,0,0,0,0,0,0,0,0,0,0,0,0,1,0,6
21000.0,0,1,1,1,1,1,1,1,0,1,0,1,1,1,0,1,1,0,1,0,1,1,1,1,1,1,1
18000.0,0,1,1,0,1,1,1,1,0,1,0,1,1,1,0,0,0,0,1,0,1,1,0,1,1,0,2
26000.0,0,1,1,0,1,1,0,0,0,1,0,1,1,1,0,0,0,0,1,0,1,0,0,1,0,0,3
9000.0,0,0,1,0,1,1,0,0,0,1,0,1,0,1,0,0,0,0,1,0,1,0,0,0,0,0,4
29000.0,0,0,0,0,0,1,0,0,0,1,0,1,0,1,0,0,0,0,1,0,1,0,0,0,0,0,5
45000.0,0,0,0,0,0,1,0,0,0,0,0,1,0,1,0,0,0,0,1,0,1,0,0,0,0,0,6
22000.0,0,1,1,0,1,1,1,0,1,0,1,1,0,1,1,1,1,1,1,1,1,1,0,1,1,1,1
50000.0,0,0,1,0,0,1,0,0,0,0,1,1,0,1,1,1,1,1,1,1,1,1,0,0,1,1,2
44000.0,0,0,0,0,0,1,0,0,0,0,0,1,0,1,1,1,1,1,1,1,1,0,0,0,0,1,3
87000.0,0,0,0,0,0,0,0,0,0,0,0,1,0,0,1,0,1,1,1,1,1,0,0,0,0,1,4
131000.0,0,0,0,0,0,0,0,0,0,0,0,1,0,0,0,0,1,0,1,1,1,0,0,0,0,1,5
211000.0,0,0,0,0,0,0,0,0,0,0,0,1,0,0,0,0,0,0,1,1,1,0,0,0,0,1,6
14000.0,0,1,1,1,1,1,0,1,0,1,1,1,1,0,1,1,1,1,1,1,1,0,1,1,0,1,1
36000.0,0,1,1,1,1,1,0,0,0,1,0,1,1,0,1,1,0,0,1,1,1,0,0,1,0,1,2
61000.0,0,1,1,0,1,1,0,0,0,1,0,0,0,0,0,1,0,0,1,1,1,0,0,1,0,1,3
88000.0,0,0,1,0,1,0,0,0,0,1,0,0,0,0,0,1,0,0,1,0,1,0,0,1,0,1,4
127000.0,0,0,0,0,1,0,0,0,0,1,0,0,0,0,0,1,0,0,0,0,1,0,0,1,0,1,5
119000.0,0,0,0,0,1,0,0,0,0,1,0,0,0,0,0,1,0,0,0,0,1,0,0,0,0,1,6
14000.0,1,1,1,1,1,1,1,1,1,1,0,1,1,0,0,1,0,1,1,1,0,1,1,0,1,1,1
31000.0,1,1,1,0,1,1,1,0,1,1,0,0,0,0,0,1,0,0,1,1,0,1,1,0,1,1,2
27000.0,1,1,1,0,1,1,1,0,1,0,0,0,0,0,0,0,0,0,1,0,0,1,1,0,0,1,3
83000.0,0,1,0,0,1,1,1,0,1,0,0,0,0,0,0,0,0,0,0,0,0,1,1,0,0,1,4
160000.0,0,0,0,0,1,1,0,0,1,0,0,0,0,0,0,0,0,0,0,0,0,1,1,0,0,1,5
148000.0,0,0,0,0,1,1,0,0,1,0,0,0,0,0,0,0,0,0,0,0,0,0,1,0,0,1,6
301000.0,0,0,0,0,1,1,0,0,0,0,0,0,0,0,0,0,0,0,0,0,0,0,1,0,0,1,7
8000.0,1,1,0,1,1,1,1,1,1,1,1,1,1,1,1,0,1,0,0,1,0,1,0,1,1,1,1
13000.0,1,1,0,1,1,0,1,1,0,1,0,1,0,1,1,0,1,0,0,1,0,1,0,1,1,0,2
19000.0,1,1,0,1,1,0,1,1,0,1,0,1,0,1,0,0,0,0,0,1,0,0,0,0,1,0,3
71000.0,1,1,0,0,1,0,0,1,0,0,0,1,0,1,0,0,0,0,0,1,0,0,0,0,1,0,4
99000.0,1,1,0,0,0,0,0,1,0,0,0,0,0,1,0,0,0,0,0,1,0,0,0,0,1,0,5
167000.0,1,1,0,0,0,0,0,0,0,0,0,0,0,1,0,0,0,0,0,1,0,0,0,0,1,0,6
15000.0,1,1,1,1,1,1,1,1,0,1,0,1,0,1,1,0,1,1,1,1,1,0,1,1,0,1,1
33000.0,0,1,1,1,1,1,1,1,0,1,0,0,0,1,1,0,0,1,0,1,0,0,1,1,0,1,2
102000.0,0,1,0,1,1,0,0,0,0,1,0,0,0,1,1,0,0,1,0,1,0,0,1,1,0,1,3
185000.0,0,0,0,1,1,0,0,0,0,1,0,0,0,0,1,0,0,0,0,1,0,0,1,1,0,1,4
303000.0,0,0,0,0,0,0,0,0,0,1,0,0,0,0,1,0,0,0,0,1,0,0,1,1,0,1,5
349000.0,0,0,0,0,0,0,0,0,0,1,0,0,0,0,1,0,0,0,0,0,0,0,1,1,0,1,6
464000.0,0,0,0,0,0,0,0,0,0,0,0,0,0,0,1,0,0,0,0,0,0,0,1,1,0,1,7
11000.0,1,0,1,1,0,1,1,1,1,1,1,1,1,1,1,1,1,0,1,0,0,0,1,1,1,1,1
37000.0,0,0,1,1,0,1,1,1,1,0,1,0,0,1,1,1,1,0,0,0,0,0,1,1,1,1,2
48000.0,0,0,1,0,0,1,0,1,1,0,1,0,0,1,1,1,0,0,0,0,0,0,0,1,1,1,3
175000.0,0,0,1,0,0,1,0,0,0,0,1,0,0,1,0,1,0,0,0,0,0,0,0,1,1,1,4
149000.0,0,0,0,0,0,1,0,0,0,0,1,0,0,1,0,1,0,0,0,0,0,0,0,1,0,1,5
263000.0,0,0,0,0,0,0,0,0,0,0,1,0,0,1,0,1,0,0,0,0,0,0,0,1,0,1,6
357000.0,0,0,0,0,0,0,0,0,0,0,1,0,0,1,0,0,0,0,0,0,0,0,0,1,0,1,7
215000.0,0,0,0,0,0,0,0,0,0,0,1,0,0,1,0,0,0,0,0,0,0,0,0,0,0,1,8
29000.0,0,0,1,1,1,1,1,1,0,1,1,0,1,0,1,0,1,1,1,1,1,1,1,1,1,1,1
66000.0,0,0,0,0,0,1,1,1,0,1,0,0,1,0,1,0,1,1,1,1,1,1,0,1,1,1,2
43000.0,0,0,0,0,0,1,1,1,0,0,0,0,1,0,1,0,1,0,1,1,1,1,0,0,1,0,3
37000.0,0,0,0,0,0,1,1,1,0,0,0,0,0,0,1,0,1,0,0,1,1,1,0,0,0,0,4
50000.0,0,0,0,0,0,1,1,0,0,0,0,0,0,0,1,0,1,0,0,0,1,1,0,0,0,0,5
81000.0,0,0,0,0,0,0,1,0,0,0,0,0,0,0,1,0,1,0,0,0,1,1,0,0,0,0,6
124000.0,0,0,0,0,0,0,1,0,0,0,0,0,0,0,1,0,0,0,0,0,1,1,0,0,0,0,7
5000.0,1,1,1,1,1,1,0,1,1,1,1,1,0,1,1,1,1,0,1,1,1,1,0,0,1,0,1
16000.0,1,1,1,1,1,0,0,1,1,1,0,1,0,1,0,1,1,0,0,1,0,1,0,0,1,0,2
60000.0,1,1,1,0,0,0,0,0,0,1,0,1,0,1,0,1,1,0,0,1,0,1,0,0,1,0,3
42000.0,1,1,0,0,0,0,0,0,0,0,0,1,0,1,0,1,1,0,0,1,0,1,0,0,0,0,4
19000.0,0,1,0,0,0,0,0,0,0,0,0,1,0,1,0,1,1,0,0,1,0,0,0,0,0,0,5
25000.0,0,1,0,0,0,0,0,0,0,0,0,1,0,0,0,1,1,0,0,1,0,0,0,0,0,0,6
9000.0,1,0,1,1,1,1,1,1,1,1,1,1,1,0,1,0,1,0,1,1,1,1,0,0,1,1,1
9000.0,1,0,1,0,0,1,0,1,1,1,1,1,1,0,1,0,1,0,1,1,1,0,0,0,1,0,2
15000.0,1,0,1,0,0,0,0,0,1,1,1,1,1,0,0,0,1,0,1,1,1,0,0,0,0,0,3
40000.0,1,0,0,0,0,0,0,0,0,1,1,1,1,0,0,0,0,0,1,1,1,0,0,0,0,0,4
57000.0,1,0,0,0,0,0,0,0,0,0,1,1,0,0,0,0,0,0,1,1,1,0,0,0,0,0,5
68000.0,1,0,0,0,0,0,0,0,0,0,0,1,0,0,0,0,0,0,1,1,1,0,0,0,0,0,6
100000.0,0,0,0,0,0,0,0,0,0,0,0,1,0,0,0,0,0,0,1,1,1,0,0,0,0,0,7
13000.0,1,1,1,0,1,1,1,1,0,0,1,0,0,1,1,1,1,1,1,1,1,1,1,1,1,0,1
8000.0,0,1,1,0,1,1,1,1,0,0,1,0,0,1,1,0,1,1,1,1,0,1,0,1,0,0,2
52000.0,0,0,1,0,0,0,0,1,0,0,1,0,0,1,1,0,1,1,1,1,0,1,0,1,0,0,3
37000.0,0,0,1,0,0,0,0,1,0,0,1,0,0,1,0,0,1,0,1,1,0,1,0,0,0,0,4
15000.0,0,0,1,0,0,0,0,1,0,0,1,0,0,1,0,0,1,0,1,0,0,0,0,0,0,0,5
20000.0,0,0,1,0,0,0,0,1,0,0,1,0,0,0,0,0,1,0,1,0,0,0,0,0,0,0,6
6000.0,0,0,1,0,0,0,0,1,0,0,1,0,0,0,0,0,1,0,0,0,0,0,0,0,0,0,7
9000.0,0,0,1,0,0,0,0,1,0,0,0,0,0,0,0,0,1,0,0,0,0,0,0,0,0,0,8
23000.0,1,1,0,0,1,1,1,1,0,1,1,1,0,1,0,1,1,1,1,0,1,1,1,1,1,1,1
31000.0,0,1,0,0,1,1,1,1,0,1,1,1,0,0,0,1,1,1,0,0,0,1,1,1,0,1,2
74000.0,0,1,0,0,0,1,0,1,0,1,0,0,0,0,0,1,1,1,0,0,0,1,1,1,0,1,3
92000.0,0,1,0,0,0,0,0,0,0,1,0,0,0,0,0,1,1,1,0,0,0,1,0,1,0,1,4
186000.0,0,1,0,0,0,0,0,0,0,0,0,0,0,0,0,1,0,1,0,0,0,1,0,1,0,1,5
299000.0,0,1,0,0,0,0,0,0,0,0,0,0,0,0,0,0,0,1,0,0,0,1,0,1,0,1,6
144000.0,0,1,0,0,0,0,0,0,0,0,0,0,0,0,0,0,0,1,0,0,0,1,0,1,0,0,7
70000.0,0,1,0,0,0,0,0,0,0,0,0,0,0,0,0,0,0,1,0,0,0,1,0,0,0,0,8
25000.0,0,1,0,0,0,0,0,0,0,0,0,0,0,0,0,0,0,1,0,0,0,0,0,0,0,0,9
14000.0,1,1,1,1,1,0,0,0,1,1,1,1,1,1,1,1,1,0,1,0,0,1,1,1,1,1,1
83000.0,1,1,0,1,1,0,0,0,1,1,1,0,1,1,0,1,0,0,0,0,0,1,1,1,1,1,2
76000.0,1,1,0,0,1,0,0,0,1,0,1,0,1,1,0,1,0,0,0,0,0,1,0,0,1,1,3
61000.0,0,0,0,0,1,0,0,0,1,0,1,0,1,1,0,1,0,0,0,0,0,1,0,0,0,1,4
122000.0,0,0,0,0,0,0,0,0,0,0,1,0,1,1,0,1,0,0,0,0,0,1,0,0,0,1,5
237000.0,0,0,0,0,0,0,0,0,0,0,1,0,0,1,0,1,0,0,0,0,0,1,0,0,0,1,6
340000.0,0,0,0,0,0,0,0,0,0,0,1,0,0,1,0,0,0,0,0,0,0,1,0,0,0,1,7
7000.0,1,0,1,0,1,1,1,1,1,1,1,1,1,1,1,0,1,1,1,1,0,1,1,0,0,1,1
23000.0,1,0,1,0,1,0,0,1,0,1,1,1,0,1,1,0,0,1,1,1,0,1,1,0,0,1,2
46000.0,1,0,0,0,1,0,0,0,0,1,1,1,0,0,1,0,0,1,1,1,0,0,1,0,0,1,3
29000.0,1,0,0,0,1,0,0,0,0,0,1,1,0,0,1,0,0,0,1,1,0,0,1,0,0,0,4
41000.0,0,0,0,0,0,0,0,0,0,0,1,1,0,0,1,0,0,0,1,1,0,0,1,0,0,0,5
74000.0,0,0,0,0,0,0,0,0,0,0,0,1,0,0,1,0,0,0,1,1,0,0,1,0,0,0,6
98000.0,0,0,0,0,0,0,0,0,0,0,0,0,0,0,1,0,0,0,1,1,0,0,1,0,0,0,7
18000.0,0,1,0,1,1,1,1,1,0,1,0,1,1,1,0,1,1,1,1,0,1,1,1,1,1,1,1
26000.0,0,1,0,0,1,1,1,1,0,1,0,1,1,1,0,0,1,1,1,0,0,1,0,1,0,1,2
65000.0,0,0,0,0,1,1,1,0,0,1,0,1,1,0,0,0,0,1,1,0,0,1,0,1,0,1,3
29000.0,0,0,0,0,1,0,1,0,0,1,0,1,1,0,0,0,0,1,1,0,0,1,0,0,0,0,4
57000.0,0,0,0,0,1,0,0,0,0,1,0,1,0,0,0,0,0,1,1,0,0,1,0,0,0,0,5
48000.0,0,0,0,0,1,0,0,0,0,1,0,1,0,0,0,0,0,1,0,0,0,1,0,0,0,0,6
14000.0,0,0,0,0,1,0,0,0,0,1,0,1,0,0,0,0,0,1,0,0,0,0,0,0,0,0,7
16000.0,1,1,1,1,1,1,1,0,1,1,0,1,0,0,1,1,1,1,0,1,1,1,1,1,0,1,1
42000.0,1,1,1,1,0,1,1,0,1,0,0,1,0,0,0,0,1,1,0,0,1,1,1,1,0,1,2
37000.0,1,1,1,1,0,1,1,0,1,0,0,0,0,0,0,0,0,0,0,0,1,1,1,1,0,0,3
71000.0,1,0,1,1,0,1,0,0,1,0,0,0,0,0,0,0,0,0,0,0,1,0,1,1,0,0,4
131000.0,0,0,1,1,0,1,0,0,0,0,0,0,0,0,0,0,0,0,0,0,1,0,1,1,0,0,5
97000.0,0,0,1,1,0,1,0,0,0,0,0,0,0,0,0,0,0,0,0,0,1,0,0,1,0,0,6
44000.0,0,0,1,1,0,1,0,0,0,0,0,0,0,0,0,0,0,0,0,0,1,0,0,0,0,0,7
12000.0,1,1,1,1,1,1,1,1,1,1,1,1,0,0,1,1,0,0,1,1,0,1,0,1,1,1,1
18000.0,1,1,0,1,1,0,1,1,1,1,1,1,0,0,1,0,0,0,1,1,0,0,0,1,1,0,2
50000.0,0,1,0,1,1,0,1,0,0,1,0,1,0,0,1,0,0,0,1,1,0,0,0,1,1,0,3
117000.0,0,0,0,1,1,0,1,0,0,1,0,0,0,0,0,0,0,0,1,1,0,0,0,1,1,0,4
84000.0,0,0,0,1,1,0,0,0,0,1,0,0,0,0,0,0,0,0,1,1,0,0,0,1,0,0,5
112000.0,0,0,0,1,1,0,0,0,0,0,0,0,0,0,0,0,0,0,1,1,0,0,0,1,0,0,6
121000.0,0,0,0,1,1,0,0,0,0,0,0,0,0,0,0,0,0,0,1,0,0,0,0,1,0,0,7
28000.0,0,0,0,1,1,0,0,0,0,0,0,0,0,0,0,0,0,0,1,0,0,0,0,0,0,0,8
22000.0,0,0,1,0,1,1,1,1,0,1,1,1,1,1,0,1,1,1,1,1,1,0,1,1,1,1,1
64000.0,0,0,1,0,0,1,1,1,0,0,0,1,1,1,0,1,1,0,1,0,1,0,1,1,1,1,2
29000.0,0,0,1,0,0,1,0,1,0,0,0,1,1,1,0,1,1,0,1,0,1,0,0,0,1,0,3
35000.0,0,0,0,0,0,1,0,1,0,0,0,1,0,1,0,1,1,0,1,0,0,0,0,0,1,0,4
57000.0,0,0,0,0,0,1,0,1,0,0,0,1,0,1,0,0,1,0,0,0,0,0,0,0,1,0,5
81000.0,0,0,0,0,0,1,0,1,0,0,0,1,0,1,0,0,0,0,0,0,0,0,0,0,1,0,6
14000.0,1,1,1,1,0,1,0,0,1,1,1,1,1,0,1,1,1,1,1,1,1,1,0,0,1,1,1
22000.0,0,1,1,1,0,1,0,0,1,1,0,1,1,0,1,1,0,1,0,1,1,1,0,0,0,1,2
43000.0,0,1,1,0,0,1,0,0,1,1,0,1,0,0,1,1,0,1,0,0,0,1,0,0,0,1,3
79000.0,0,0,1,0,0,1,0,0,1,1,0,0,0,0,0,1,0,1,0,0,0,1,0,0,0,1,4
37000.0,0,0,1,0,0,1,0,0,0,1,0,0,0,0,0,1,0,1,0,0,0,1,0,0,0,0,5
49000.0,0,0,1,0,0,1,0,0,0,1,0,0,0,0,0,0,0,1,0,0,0,1,0,0,0,0,6
71000.0,0,0,1,0,0,1,0,0,0,1,0,0,0,0,0,0,0,0,0,0,0,1,0,0,0,0,7
100.0,0,0,1,0,0,1,0,0,0,1,0,0,0,0,0,0,0,0,0,0,0,0,0,0,0,0,8
175.0,0,0,0,0,0,1,0,0,0,1,0,0,0,0,0,0,0,0,0,0,0,0,0,0,0,0,9
26000.0,0,1,0,0,0,1,1,1,1,1,1,1,1,1,1,1,1,0,1,0,1,1,1,1,1,1,1
61000.0,0,1,0,0,0,0,1,1,1,1,0,1,1,1,0,1,1,0,0,0,0,1,1,1,1,1,2
49000.0,0,1,0,0,0,0,1,0,1,1,0,1,0,1,0,1,1,0,0,0,0,1,0,1,0,1,3
42000.0,0,0,0,0,0,0,1,0,0,1,0,1,0,1,0,1,1,0,0,0,0,1,0,1,0,0,4
55000.0,0,0,0,0,0,0,1,0,0,1,0,0,0,1,0,1,1,0,0,0,0,0,0,1,0,0,5
70000.0,0,0,0,0,0,0,1,0,0,1,0,0,0,1,0,1,0,0,0,0,0,0,0,1,0,0,6
16000.0,0,1,1,0,1,0,1,1,0,1,1,1,1,1,1,1,0,1,1,1,1,1,1,0,1,1,1
43000.0,0,1,1,0,1,0,1,1,0,1,1,0,1,0,1,0,0,0,1,1,0,1,1,0,1,1,2
37000.0,0,0,1,0,0,0,1,1,0,1,1,0,1,0,1,0,0,0,0,1,0,1,1,0,1,0,3
106000.0,0,0,1,0,0,0,0,1,0,1,0,0,1,0,0,0,0,0,0,1,0,1,1,0,1,0,4
88000.0,0,0,1,0,0,0,0,0,0,1,0,0,1,0,0,0,0,0,0,1,0,1,1,0,0,0,5
61000.0,0,0,1,0,0,0,0,0,0,1,0,0,1,0,0,0,0,0,0,1,0,1,0,0,0,0,6
49000.0,0,0,1,0,0,0,0,0,0,1,0,0,1,0,0,0,0,0,0,0,0,1,0,0,0,0,7
94000.0,0,0,1,0,0,0,0,0,0,1,0,0,0,0,0,0,0,0,0,0,0,1,0,0,0,0,8
11000.0,1,0,1,0,1,1,1,1,1,0,1,1,1,1,1,0,1,1,1,1,1,1,1,0,1,0,1
24000.0,1,0,1,0,1,1,1,1,1,0,0,0,0,1,1,0,0,1,1,1,0,1,1,0,1,0,2
50000.0,1,0,1,0,1,1,1,0,0,0,0,0,0,1,1,0,0,0,1,0,0,1,1,0,1,0,3
62000.0,1,0,1,0,0,1,1,0,0,0,0,0,0,1,0,0,0,0,1,0,0,0,1,0,1,0,4
33000.0,1,0,1,0,0,1,1,0,0,0,0,0,0,1,0,0,0,0,0,0,0,0,1,0,0,0,5
68000.0,0,0,1,0,0,1,1,0,0,0,0,0,0,1,0,0,0,0,0,0,0,0,1,0,0,0,6
90000.0,0,0,1,0,0,1,1,0,0,0,0,0,0,0,0,0,0,0,0,0,0,0,1,0,0,0,7
137000.0,0,0,1,0,0,0,1,0,0,0,0,0,0,0,0,0,0,0,0,0,0,0,1,0,0,0,8
